CHROMOSOME	GENE_ID	GENE_NAME	TRANSCRIPT_ID	TRANSCRIPT_REFSEQ_ID	TRANSCRIPT_BIOTYPE	METS_IN_5_UTR	SIGNAL_PEPTIDE_START	SIGNAL_PEPTIDE_END	CDS_ERRORS	PROTEIN_ID	VARIATION_NAME	VARIATION_TYPE	SOURCE	TRANSCRIPT_VARIATION_ALLELE_DBID	MINOR_ALLELE_FREQUENCY	CODON_CHANGE	CDS_COORDS	AMINOACID_CHANGE	MET_POSITION_1	STOP_CODON_POSITION_1	MUTATED_SEQUENCE_LENGTH_1	READING_FRAME_STATUS_1	SIGNAL_PEPTIDE_CONSERVATION_1	MET_POSITION_2	STOP_CODON_POSITION_2	MUTATED_SEQUENCE_LENGTH_2	SCORE_2	READING_FRAME_STATUS_2	SIGNAL_PEPTIDE_CONSERVATION_2	MET_POSITION_3	INIT_CODON_3	STOP_CODON_POSITION_3	MUTATED_SEQUENCE_LENGTH_3	SCORE_3	READING_FRAME_STATUS_3	SIGNAL_PEPTIDE_CONSERVATION_3	CONSEQUENCE	PHENOTYPE	SO_TERM	SIFT	POLYPHEN	PUBLICATIONS
1	ENSG00000198799	LRIG2	ENST00000361127	NM_014813.2	protein_coding	-137_lost -127_lost	0	116		ENSP00000355396	rs754804780	SNP	dbSNP	295241311		Atg/Gtg	1-1	M/V	309	3195	90.3377110694184%	Conserved	0%							309	ATG	3195	90.3377110694184%	0.8335942	Conserved	0%	NON_SYNONYMOUS_CODING		start_lost	deleterious - low confidence	possibly damaging
1	ENSG00000116396	KCNC4	ENST00000369787	NM_004978.4	protein_coding					ENSP00000358802	rs769547803	SNP	dbSNP	365104550		Atg/Ttg	1-1	M/L	68	140	3.93081761006289%	Lost		84	1905	95.5974842767296%	0.63	Conserved		68	ATG	140	3.93081761006289%	0.8587084	Lost		NON_SYNONYMOUS_CODING		start_lost	deleterious - low confidence	probably damaging
4	ENSG00000172493	AFF1	ENST00000307808	NM_001313959.1-NM_005935.2	protein_coding	-216_conserved -82_lost -35_lost				ENSP00000305689	rs746646057	SNP	dbSNP	264200236		Atg/Gtg	1-1	M/V	25	199	4.87200660611065%	Lost								25	ATG	199	4.87200660611065%	0.8300779	Lost		NON_SYNONYMOUS_CODING		start_lost	deleterious	benign
9	ENSG00000165060	FXN	ENST00000396366	NM_181425.2	protein_coding		0	62		ENSP00000379652	rs104894108	SNP	dbSNP	255669959		atG/atA	3-3	M/I	2	272	46.1928934010152%	Lost	96.8253968253968%	2	272	46.1928934010152%	0.27	Lost	96.8253968253968%	2	ATG	272	46.1928934010152%	0.8136107	Lost	96.8253968253968%	NON_SYNONYMOUS_CODING	Friedreichs ataxia(ClinVar)-FRIEDREICH ATAXIA(OMIM)	start_lost	deleterious - low confidence	possibly damaging	Frataxin fracas. -> http://www.nature.com/articles/ng0497-337 Mutation of the start codon in the FRDA1 gene: linkage analysis of three pedigrees with the ATG to ATT transversion points to a unique common ancestor. -> http://link.springer.com/10.1007/s004390050791 Mutation detection in an equivocal case of Friedreich's ataxia. -> http://linkinghub.elsevier.com/retrieve/pii/S0887899400001363 
9	ENSG00000165060	FXN	ENST00000396366	NM_181425.2	protein_coding		0	62		ENSP00000379652	rs104894108	SNP	dbSNP	255669960		atG/atT	3-3	M/I	139	223	14.7208121827411%	Lost	0%							271	ATG	292	4.06091370558376%	0.8015416	Lost	0%	NON_SYNONYMOUS_CODING	Friedreichs ataxia(ClinVar)-FRIEDREICH ATAXIA(OMIM)	start_lost	deleterious - low confidence	possibly damaging	Frataxin fracas. -> http://www.nature.com/articles/ng0497-337 Mutation of the start codon in the FRDA1 gene: linkage analysis of three pedigrees with the ATG to ATT transversion points to a unique common ancestor. -> http://link.springer.com/10.1007/s004390050791 Mutation detection in an equivocal case of Friedreich's ataxia. -> http://linkinghub.elsevier.com/retrieve/pii/S0887899400001363 
14	ENSG00000013523	ANGEL1	ENST00000251089	NM_015305.3	protein_coding		0	56		ENSP00000251089	rs545020399	SNP	dbSNP	16479620	0.000199681	Atg/Gtg	1-1	M/V	64	121	2.9806259314456%	Lost	0%							88	ATG	121	1.78837555886736%	0.8333000	Lost	0%	NON_SYNONYMOUS_CODING		start_lost	deleterious	benign
14	ENSG00000168229	PTGDR	ENST00000553372	NM_001281469.1	protein_coding					ENSP00000452408	rs753782193	SNP	dbSNP	152881687		atG/atT	3-3	M/I	63	888	92.9292929292929%	Conserved								63	ATG	888	92.9292929292929%	0.8912317	Conserved		NON_SYNONYMOUS_CODING		start_lost	deleterious - low confidence	probably damaging
14	ENSG00000151320	AKAP6	ENST00000280979	NM_004274.4	protein_coding	-157_lost -135_conserved -122_lost -77_lost -37_lost				ENSP00000280979	rs760964267	SNP	dbSNP	533580004		Atg/Gtg	1-1	M/V	9	6957	99.8706896551724%	Conserved								9	ATG	6957	99.8706896551724%	0.8623409	Conserved		NON_SYNONYMOUS_CODING		start_lost	tolerated - low confidence	probably damaging
15	ENSG00000129003	VPS13C	ENST00000395896	NM_001018088.2	protein_coding					ENSP00000379233	rs781715804	SNP	dbSNP	372996213		aTg/aCg	2-2	M/T	52	64	0.137779002480022%	Lost								52	ATG	64	0.137779002480022%	0.8309683	Lost		NON_SYNONYMOUS_CODING		start_lost	deleterious	possibly damaging
